RecordNumber,CustomerId,CustomerName,CustomerSurname,CustomerAddress,CustomerZipCode,CustomerNationalId,CustomerBirthDate
1,1,Brooke,Allen,b8svq6hh6r,fjenlsbibb,7476429124,1300
1,1,Brooke,Allen,b8svq6hh6r,fjenlsbibb,7476429124,1350
2,2,Lucy,Riley,slj1uanggq,hivgwflbzm,6485484236,1350
3,3,Steven,Morgan,9cqmss9it8,lkhjvteder,0116720489,1351
4,4,Aiden,Adams,63t2ksqgdm,jgadewrgcq,4392266117,1352
5,5,Myra,Campbell,8ofnn5wxzp,grcszkzegd,7268637540,1353
6,6,Violet,Mason,xsfjveavov,uwykfdzuiz,2912800404,1354
7,7,Charlotte,Fowler,eqyc2w6uhj,kascfbfbqk,4722295023,1355
8,8,Alissa,Murray,6sr9qvdewo,swncvcuibg,2090167222,1356
9,9,Eric,Clark,oh26x7i30n,mfoaluzskf,1722982455,1357
10,10,Paul,Crawford,dbr2bbnv2z,gohvficxrs,5188100184,1358
11,11,Spike,Grant,pd9o548kbz,mheldmaezf,8962513321,1359
12,12,Kirsten,Richardson,pf056pzrj8,owsnystpur,9017261593,1360
13,13,Elise,Montgomery,dd4bwi6ij6,komkdcjgam,9762448673,1361
14,14,Ashton,Cunningham,yzgv79apfy,huymfatsin,9320498780,1362
15,15,Alfred,Hamilton,5odkfokmyv,sietiutfnt,7280834595,1363
16,16,Jordan,Reed,rvdlnl52eh,lnwdtecale,2900016610,1364
17,17,Antony,Murphy,t20a4vbnk1,lrhwrefcgw,3946696185,1365
18,18,Tyler,Myers,erf9l5ovy9,mzqmmnqksz,8283137683,1366
19,19,Caroline,Carroll,158uhhqmx9,fbfhgzrlvr,7052250197,1367
20,20,John,Richardson,ylyzsn4u9m,pymahbwdap,8804936755,1368
21,21,Maddie,Johnston,m9jg343uuq,dxpvdaqdij,7943270310,1369
22,22,Lydia,Mason,xlv4pvhwmu,gptvvnqxgt,4432869710,1370
23,23,Maddie,Reed,jhn20l0k5f,emhydzjtwv,5142145636,1371
24,24,Robert,Anderson,v5qps8rl7m,jpstyqauht,7738025992,1349
25,25,Owen,Foster,r9uvdyyr03,nuyullaasf,5783233091,1350
26,26,Tess,Harper,thjek3trtu,holhfgninq,9579530472,1351
27,27,Briony,Farrell,bqwwuh8mha,afunojoxjr,4899284324,1352
28,28,Nicole,Bennett,dkirvx8guc,qgyhlgrcez,8767804500,1353
29,29,Gianna,Brooks,x5qw0a6p4h,jconexkoeg,8220209599,1354
30,30,Walter,Johnson,yl4kpx8srl,dwowfzeryo,1841968528,1355
31,31,Penelope,Armstrong,ow4jfos6mv,srsjwvntcn,3447114551,1356
32,32,Roland,Watson,2mkrnkht2b,qkpawuzvko,9590175053,1357
33,33,Charlotte,Perry,66fnvvpztf,xnfjsirnoz,3073064703,1358
34,34,Edward,Chapman,z9ezdd5kbt,chashlnbgk,0514694204,1359
35,35,Ellia,Kelley,f7isqxcfqv,ioqusdmcos,8520376526,1360
36,36,Jack,Adams,e2twgjorbz,icoskyyqdh,1347245587,1361
37,37,Violet,Gray,tumlunsmot,rdqktqxike,8478409672,1362
38,38,Lucia,Clark,8jrdsfqo03,anqcdrzjax,7947325601,1363
39,39,Kelsey,Williams,xgkkydyxlm,vdblwepziy,3849631070,1364
40,40,Arianna,Smith,u9tg261me8,qrflmndynv,2283076575,1365
41,41,Edwin,Wells,a5y8czrvys,qukytqxmqb,6142443067,1366
42,42,Roman,Mason,9u4tpq6t2l,hytfqkjcak,1155494035,1367
43,43,Brad,Fowler,nrj6ssp4dv,ipdlhxrgra,3228506661,1368
44,44,Charlotte,Reed,9g0v7cf9rl,qxospswsqh,1424841658,1369
45,45,Lydia,Parker,hdl0x82dq6,ysdumlyvlu,6932792853,1370
46,46,Catherine,Sullivan,v774x6creg,baezhjtymz,8580798144,1371
47,47,Adam,Anderson,9a45vhqpa9,cmxssfxkeq,1534901646,1349
48,48,Alfred,Martin,yfnri50oia,vrrtbjgnmu,1772811690,1350
49,49,Spike,Adams,qbo29ky8db,kxnkoeecej,2824121835,1351
50,50,Ada,Campbell,2bc3khtf1z,qyjwfxsjqe,1903982624,1352
51,51,Lucy,Wilson,x58zkye2vk,irushtqhaw,7449915665,1353
52,52,Emily,Roberts,f0zlbn5vgq,stwxhgrxca,4452388857,1354
53,53,Edwin,Bailey,a5wkvy538e,ayowvwxqmt,4965957964,1355
54,54,Robert,Gibson,0k8b8l196d,gtvtxggpqy,3124211055,1356
55,55,Oscar,Watson,0m09u9lmr1,mghdvbxuhz,9611337662,1357
56,56,Camila,Sullivan,ffhbuwhwmk,enqekvwsgy,3430369896,1358
57,57,Aida,Mason,isqp97693w,xyfbbfevkd,9741494433,1359
58,58,Antony,Perry,lz30iq6hni,vtmmeggiha,2824822265,1360
59,59,Hailey,Casey,fcsndeyeas,axssjpgfif,6194245126,1361
60,60,Sawyer,Farrell,m12nxug07a,vhotntkqto,8414627462,1362
61,61,Kelsey,Taylor,2mh5dlh31b,smykqnuezv,7642709956,1363
62,62,Freddie,Tucker,7hr3yldson,ahhieuaysw,5503673399,1364
63,63,Lilianna,Taylor,3gla01txmq,yribvpdbmp,9310935541,1365
64,64,Ned,Bennett,i7eabepcx8,cndljlddrx,8352497559,1366
65,65,Alexander,Thomas,a1r7ocy4l4,qirwqyiovq,2342642169,1367
66,66,Carlos,Jones,w4pfnldqri,nhcibjrlpl,8066146093,1368
67,67,Freddie,Howard,lew5xtdrp0,yizclmpkbe,4871083461,1369
68,68,Carl,Holmes,9amfvmlgdw,zvmgcmjofw,5307771559,1370
69,69,Kevin,Bailey,m5ugn3habx,yyxofajlpf,0335209518,1371
70,70,Agata,Crawford,oye4jsjj1d,crwesqkebu,7015223406,1349
71,71,James,Clark,i72nhca6ht,erhrpizany,8809807392,1350
72,72,Thomas,Gibson,n4i3ialia3,nshbsndsfg,7485174048,1351
73,73,Sydney,Hall,qxtiflg4xc,hfbxtsstvs,1953864833,1352
74,74,Nicholas,Walker,z2sblt69a1,wqhnvctdtz,7683398451,1353
75,75,Maya,Foster,35kna4huff,ffrddndkvc,0798841901,1354
76,76,Ryan,Allen,nkht41tvi4,blknzecpba,2711191610,1355
77,77,Eddy,Morris,km7gr6pxzb,gjqloqbcad,3823697768,1356
78,78,Alford,Johnston,z6g9usadok,mmhyedykgj,5973862836,1357
79,79,Miranda,Barrett,m8w6nz2c5m,zxumwmfmus,2518446792,1358
80,80,Natalie,Baker,bbicmzmnzf,ekrsvraazg,4910447073,1359
81,81,Wilson,Owens,d1g45xbkp2,karrjzuwew,5677334835,1360
82,82,Rafael,Williams,n8zqyv7agr,dntznuxwwx,0418688095,1361
83,83,Camila,Ferguson,idi0z2k075,bzeeoywcfx,4956291344,1362
84,84,Miley,Kelly,76eq24hxwr,jifhosengu,5663038059,1363
85,85,William,Murphy,t6pwtat2oz,isrzlehijm,7460560657,1364
86,86,Melissa,Elliott,yn3cnw4a88,arkakpfqgk,2747345107,1365
87,87,James,Bennett,jmxtb4xd52,kyjuopmdox,6892510810,1366
88,88,Penelope,Reed,invzgq72au,bahgxfxfaj,9754904407,1367
89,89,Lucas,Kelley,tzj3ym3b0q,nirnmgkxmj,9542421074,1368
90,90,Honey,Cunningham,ind68hcjzi,iuktrthuql,8475133931,1369
91,91,Paige,Hill,t249l6356b,lvpaliqbbd,5315373664,1370
92,92,Valeria,Carter,9k29qfidw4,ygnihqtyct,4210311285,1371
93,93,Dominik,Dixon,t662uwj1s7,fabfhcqvye,8322246724,1349
94,94,Patrick,Warren,ub730zsl61,hlirdbeadm,7108717947,1350
95,95,Justin,Craig,slodcbanru,ipugurajqj,8006970187,1351
96,96,Julian,Howard,enc7cp1vy3,aeeadctzkp,7722987952,1352
97,97,Honey,Alexander,qcatm79jgc,zltvoicmay,8501154074,1353
98,98,Stella,Thomas,3yhaqheee9,tyrcwbywri,8619262021,1354
99,99,Alexia,Morrison,9xx8av5mi3,wwqjupmvrp,0340675949,1355
100,100,Tyler,Warren,d3720vb3ud,varsljwmsj,8146685823,1356
101,101,Rubie,Warren,dtqsunru01,ajnwcpfaql,7133438039,1357
102,102,Maximilian,Andrews,xwb85iu3js,ddlswarrhj,7051084470,1358
103,103,Victor,Martin,1rc66pm1xh,wsejwxhzyn,6517358962,1359
104,104,Michelle,Richards,8fnpg5bmh4,uvvstooycs,5650584955,1360
105,105,Leonardo,Crawford,4ofbiktrmj,iyrcqtphbk,1562983863,1361
106,106,Emily,Perkins,nxf7mvcgts,qpixkyztet,3100180967,1362
107,107,Natalie,Cooper,ntbm61muy3,qynbzskffh,1282022208,1363
108,108,Albert,Casey,548nhy3dkw,wanaifbljh,9567689325,1364
109,109,Charlotte,Elliott,l8h8u5zpjf,sdqgmzsmkm,8057187331,1365
110,110,Valeria,Lloyd,5wj2lc9uab,kexvqnlcwe,9209853224,1366
111,111,Eddy,Gibson,vq2sosxoh8,vcgavddvmh,6388846695,1367
112,112,Gianna,Brown,slmpqmpkhn,acvqgnojrn,4498371207,1368
113,113,Naomi,Foster,86sk0nqkj1,rfrvlcuwtv,8143425485,1369
114,114,Kirsten,Stevens,7kqiihdoap,rcxozejqza,9399218434,1370
115,115,Alexia,Watson,ns4e21luq9,hcyowtzscn,5537242666,1371
116,116,Adrianna,Sullivan,9aam22tdtn,fpzprhmazj,9772239357,1349
117,117,Olivia,Morgan,h32st2kzil,rdohqmkdgr,7520966717,1350
118,118,Jasmine,Ryan,6e084jcsoi,uecvgpjwpe,9549272077,1351
119,119,Adelaide,Clark,y7jigutkvq,zlpvkkvhcc,2709526632,1352
120,120,Rubie,Gray,azl3q8w4mb,cexptmehxl,7444393735,1353
121,121,Ted,Smith,3zu3bnha42,jamhkpgjnd,2266809659,1354
122,122,Valeria,Wilson,o21zpivxib,dejtpzyksk,5907691145,1355
123,123,Alan,Grant,e7qb4d64dm,eyfqvpxard,1417101988,1356
124,124,Catherine,Riley,8781gqbew7,liuevelwcn,8371480802,1357
125,125,Derek,Murray,lxd2xxrx2r,bawdylfybc,8431720244,1358
126,126,Amelia,Nelson,b2ukfm4vm6,tocjndfhhz,8052781860,1359
127,127,Brad,Harrison,lwgjhbnduo,syxamqtekq,7485550229,1360
128,128,Byron,Mitchell,82i9x581pd,smgagybdrf,4639471976,1361
129,129,Aida,Parker,amq244aqjd,uivmlixjks,3134628308,1362
130,130,Mary,Nelson,5t1tdraz29,aogkakkuzo,6855479422,1363
131,131,Violet,Martin,alxwtxx5fi,vnwlugdecn,8660182599,1364
132,132,Amber,Jones,ndisuumex4,ianjbuquud,8552968041,1365
133,133,Ryan,Robinson,i36ngftfr1,tnvgfrwltg,9935940113,1366
134,134,George,Andrews,2fohydgy3e,kcyeuzlinu,1578006825,1367
135,135,Thomas,Hill,kq3yemq5km,nfxobycetf,4438030721,1368
136,136,Alen,Owens,9tva0n1mfe,hxbflfscxt,2083993823,1369
137,137,Derek,Mitchell,2ab5e5cfw7,qmzfhhngaj,9115447307,1370
138,138,Vanessa,Barrett,ml6ees0ymb,ufvmkkkjob,7994329608,1371
139,139,Vanessa,Perry,uf6hwrkc5l,xwfcjeqcyv,0778364103,1349
140,140,Vivian,Bailey,0bxvm8rhju,vqdkibwmyz,4387189121,1350
141,141,Camila,Crawford,37fk08uar3,ouwpsbocxa,4651710454,1351
142,142,Kimberly,Payne,unncerun9f,xpcjgaqfnk,8085388681,1352
143,143,Fiona,Robinson,p3xars3fp5,bernocdsyq,0084426966,1353
144,144,Camila,Ross,uyhnskcfgn,ncginnqtlj,3193537027,1354
145,145,Lucia,Bennett,g5l8ox8l9h,ovlwwzcsqb,3766529610,1355
146,146,John,Tucker,3m4sd6yfbj,cffxntqdei,8080565494,1356
147,147,Stuart,Alexander,vgegsqffa6,prexqsoqwd,1508967575,1357
148,148,Hailey,Wright,rq8gy42n9w,ifaebnspxo,8216937096,1358
149,149,Sabrina,Ross,m5hi3ob07g,qijokuftvo,1386805440,1359
150,150,Lana,Anderson,dfweucyfun,hbtqzzjmgv,8526045355,1360
151,151,Lana,Holmes,tjd20ekwfn,okopusfjxl,2900901753,1361
152,152,Alissa,Kelly,4s0ii5ij56,hrrwfvnltk,3986948533,1362
153,153,Fenton,Cole,112tmoxj0a,flzwbhazzp,6175799480,1363
154,154,Kate,Morrison,y7eon5cxbu,jyajrxzvxx,2577618229,1364
155,155,Dale,Lloyd,qh0xw2zle1,gowcwdytxo,8925266596,1365
156,156,Max,Brooks,rmwg8xad74,jbsiiaccfb,9398414807,1366
157,157,Bruce,Sullivan,oo6v2secrb,tsmnyqvafa,4518252891,1367
158,158,Honey,Morris,3u4w2ud109,edlhurbpfh,7028915433,1368
159,159,Elian,Brown,i0dr4vj4n8,gzupahwdzf,9449110422,1369
160,160,Annabella,Howard,p4ch2en6gz,yplvavsigd,8516243674,1370
161,161,Carina,Ryan,ky4ssp0b8l,hoshjahgxf,8610724030,1371
162,162,Spike,Sullivan,rdpd20ecis,udnypejhul,8573416588,1349
163,163,Lucy,Henderson,mjku1zoyj3,oyczllfbvv,6985313124,1350
164,164,Evelyn,Mitchell,cwta7ge81q,sducdqqosk,7121253712,1351
165,165,Sofia,Hall,mwh2130blt,biroszrsoj,3562095123,1352
166,166,Ada,Phillips,x5ecx6wjj6,xsuvaklxik,7969940470,1353
167,167,Annabella,Warren,omz7ypu5ip,lxugdyonbm,2056982135,1354
168,168,Joyce,Thompson,8b8arhk0sg,tihbxelzgy,9159586065,1355
169,169,Ted,Elliott,rzwpp8nvn3,kyptfwrzml,4756340243,1356
170,170,Mike,Roberts,2bfhnag3iy,gohvxpfxvz,2659199900,1357
171,171,Kevin,Baker,mfwdsrjgl3,xabwnrrxtl,0898133364,1358
172,172,Darcy,Carroll,1pylynjodf,ntstdstlvo,4478704505,1359
173,173,Ryan,Ferguson,ky6l9s09nj,fahvyicinq,9601061845,1360
174,174,Robert,Taylor,wk7cro1ris,tvbopdmnni,7615844768,1361
175,175,Naomi,Cameron,78rcvvnqjq,dmqvarndag,3641979390,1362
176,176,Kristian,Adams,8ln4f578i7,pqmdgoqwvt,9948758374,1363
177,177,Melanie,Lloyd,5n6xc30vi4,hbkyuhsboo,3397378786,1364
178,178,Walter,Jones,fmoth5ltc1,corzzbuxkk,8200247848,1365
179,179,Vivian,Mitchell,r51fxhclbb,wyojebfefq,2497375749,1366
180,180,Andrew,Ferguson,tg9lxeu9iv,wqryhswoxh,8578643189,1367
181,181,Lucas,Farrell,vjs5gtbdj7,toxzvqvkip,6932534610,1368
182,182,Richard,Wright,qvu8ptqpmu,hifntsqbud,8800817412,1369
183,183,Sienna,Martin,olu3trmmuu,wtklflskxq,9396432481,1370
184,184,Julian,Sullivan,vwl9ggpzgh,gqmohoamja,7999849630,1371
185,185,Dexter,Farrell,hzbv7vb10b,zoldbhwbty,5660846016,1349
186,186,Olivia,Cooper,zefitrzf46,bgbqrkoyeg,1689660052,1350
187,187,Jordan,Clark,w9ghw3gt2n,ijqeslshnb,5848278716,1351
188,188,Arnold,Carroll,65ytfruvmu,xermghqpoi,4783957064,1352
189,189,Cadie,Myers,u1h6pmky05,rzjdlrppul,7888056347,1353
190,190,Violet,Farrell,lj2m4jev8s,umcllobgwu,3255529092,1354
191,191,Luke,Martin,aizgvzv6p3,fawqofuhlw,6992775513,1355
192,192,Miley,Owens,t2sj696qdc,imvtvstmba,6093239891,1356
193,193,Florrie,Clark,wnfynixv60,ybordubpxr,0639757788,1357
194,194,Alfred,Richardson,g3f1t4hkvp,zvetznffyt,5427204886,1358
195,195,Sydney,Fowler,umvlao4gr5,hqkzlepyvl,1377992410,1359
196,196,Connie,Scott,0ch0oa3mef,uwavervxgp,1483827538,1360
197,197,Florrie,Grant,gq1z30snjf,frothaxris,7854004892,1361
198,198,Alan,Bennett,b9wcg2zh0u,kpsvbjrzrk,2317922449,1362
199,199,Richard,Foster,fv6tkds69c,oxcczpbhzg,5582929673,1363
200,200,Alina,Clark,845tu2gjw4,sxewkvmejc,8861102625,1364