[
  {
    "customerId": 91,
    "customerName": "Paige",
    "customerSurname": "Hill",
    "customerNationalId": "5315373664",
    "accountNumber": "1234567892365490000000",
    "accountOpenDate": 1370,
    "accountBalance": 10090
  }
][
  {
    "customerId": 92,
    "customerName": "Valeria",
    "customerSurname": "Carter",
    "customerNationalId": "4210311285",
    "accountNumber": "1234567892365490000000",
    "accountOpenDate": 1371,
    "accountBalance": 10091
  }
][
  {
    "customerId": 94,
    "customerName": "Patrick",
    "customerSurname": "Warren",
    "customerNationalId": "7108717947",
    "accountNumber": "1234567892365490000000",
    "accountOpenDate": 1350,
    "accountBalance": 10093
  }
][
  {
    "customerId": 95,
    "customerName": "Justin",
    "customerSurname": "Craig",
    "customerNationalId": "8006970187",
    "accountNumber": "1234567892365490000000",
    "accountOpenDate": 1351,
    "accountBalance": 10094
  }
][
  {
    "customerId": 96,
    "customerName": "Julian",
    "customerSurname": "Howard",
    "customerNationalId": "7722987952",
    "accountNumber": "1234567892365490000000",
    "accountOpenDate": 1352,
    "accountBalance": 10095
  }
][
  {
    "customerId": 97,
    "customerName": "Honey",
    "customerSurname": "Alexander",
    "customerNationalId": "8501154074",
    "accountNumber": "1234567892365490000000",
    "accountOpenDate": 1353,
    "accountBalance": 10096
  }
][
  {
    "customerId": 98,
    "customerName": "Stella",
    "customerSurname": "Thomas",
    "customerNationalId": "8619262021",
    "accountNumber": "1234567892365490000000",
    "accountOpenDate": 1354,
    "accountBalance": 10097
  }
][
  {
    "customerId": 99,
    "customerName": "Alexia",
    "customerSurname": "Morrison",
    "customerNationalId": "0340675949",
    "accountNumber": "1234567892365490000000",
    "accountOpenDate": 1355,
    "accountBalance": 10098
  }
][
  {
    "customerId": 99,
    "customerName": "Alexia",
    "customerSurname": "Morrison",
    "customerNationalId": "0340675949",
    "accountNumber": "1234567892365490000000",
    "accountOpenDate": 1355,
    "accountBalance": 10098
  }
][
  {
    "customerId": 99,
    "customerName": "Alexia",
    "customerSurname": "Morrison",
    "customerNationalId": "0340675949",
    "accountNumber": "1234567892365490000000",
    "accountOpenDate": 1355,
    "accountBalance": 10098
  }
][
  {
    "customerId": 99,
    "customerName": "Alexia",
    "customerSurname": "Morrison",
    "customerNationalId": "0340675949",
    "accountNumber": "1234567892365490000000",
    "accountOpenDate": 1355,
    "accountBalance": 10098
  }
][
  {
    "customerId": 100,
    "customerName": "Tyler",
    "customerSurname": "Warren",
    "customerNationalId": "8146685823",
    "accountNumber": "1234567892365490000000",
    "accountOpenDate": 1356,
    "accountBalance": 10099
  }
][
  {
    "customerId": 101,
    "customerName": "Rubie",
    "customerSurname": "Warren",
    "customerNationalId": "7133438039",
    "accountNumber": "1234567892365490000000",
    "accountOpenDate": 1357,
    "accountBalance": 10100
  }
][
  {
    "customerId": 102,
    "customerName": "Maximilian",
    "customerSurname": "Andrews",
    "customerNationalId": "7051084470",
    "accountNumber": "1234567892365490000000",
    "accountOpenDate": 1358,
    "accountBalance": 10101
  }
][
  {
    "customerId": 103,
    "customerName": "Victor",
    "customerSurname": "Martin",
    "customerNationalId": "6517358962",
    "accountNumber": "1234567892365490000000",
    "accountOpenDate": 1359,
    "accountBalance": 10102
  }
][
  {
    "customerId": 104,
    "customerName": "Michelle",
    "customerSurname": "Richards",
    "customerNationalId": "5650584955",
    "accountNumber": "1234567892365490000000",
    "accountOpenDate": 1360,
    "accountBalance": 10103
  }
][
  {
    "customerId": 105,
    "customerName": "Leonardo",
    "customerSurname": "Crawford",
    "customerNationalId": "1562983863",
    "accountNumber": "1234567892365490000000",
    "accountOpenDate": 1361,
    "accountBalance": 10104
  }
][
  {
    "customerId": 106,
    "customerName": "Emily",
    "customerSurname": "Perkins",
    "customerNationalId": "3100180967",
    "accountNumber": "1234567892365490000000",
    "accountOpenDate": 1362,
    "accountBalance": 10105
  }
][
  {
    "customerId": 107,
    "customerName": "Natalie",
    "customerSurname": "Cooper",
    "customerNationalId": "1282022208",
    "accountNumber": "1234567892365490000000",
    "accountOpenDate": 1363,
    "accountBalance": 10106
  }
][
  {
    "customerId": 108,
    "customerName": "Albert",
    "customerSurname": "Casey",
    "customerNationalId": "9567689325",
    "accountNumber": "1234567892365490000000",
    "accountOpenDate": 1364,
    "accountBalance": 10107
  }
][
  {
    "customerId": 109,
    "customerName": "Charlotte",
    "customerSurname": "Elliott",
    "customerNationalId": "8057187331",
    "accountNumber": "1234567892365490000000",
    "accountOpenDate": 1364,
    "accountBalance": 10107
  }
][
  {
    "customerId": 110,
    "customerName": "Valeria",
    "customerSurname": "Lloyd",
    "customerNationalId": "9209853224",
    "accountNumber": "1234567892365490000000",
    "accountOpenDate": 1366,
    "accountBalance": 10109
  }
][
  {
    "customerId": 111,
    "customerName": "Eddy",
    "customerSurname": "Gibson",
    "customerNationalId": "6388846695",
    "accountNumber": "1234567892365490000000",
    "accountOpenDate": 1367,
    "accountBalance": 10110
  }
][
  {
    "customerId": 112,
    "customerName": "Gianna",
    "customerSurname": "Brown",
    "customerNationalId": "4498371207",
    "accountNumber": "1234567892365490000000",
    "accountOpenDate": 1368,
    "accountBalance": 10111
  }
][
  {
    "customerId": 113,
    "customerName": "Naomi",
    "customerSurname": "Foster",
    "customerNationalId": "8143425485",
    "accountNumber": "1234567892365490000000",
    "accountOpenDate": 1369,
    "accountBalance": 10112
  }
][
  {
    "customerId": 114,
    "customerName": "Kirsten",
    "customerSurname": "Stevens",
    "customerNationalId": "9399218434",
    "accountNumber": "1234567892365490000000",
    "accountOpenDate": 1370,
    "accountBalance": 10113
  }
][
  {
    "customerId": 115,
    "customerName": "Alexia",
    "customerSurname": "Watson",
    "customerNationalId": "5537242666",
    "accountNumber": "1234567892365490000000",
    "accountOpenDate": 1371,
    "accountBalance": 10114
  }
][
  {
    "customerId": 117,
    "customerName": "Olivia",
    "customerSurname": "Morgan",
    "customerNationalId": "7520966717",
    "accountNumber": "1234567892365490000000",
    "accountOpenDate": 1350,
    "accountBalance": 10116
  }
][
  {
    "customerId": 118,
    "customerName": "Jasmine",
    "customerSurname": "Ryan",
    "customerNationalId": "9549272077",
    "accountNumber": "1234567892365490000000",
    "accountOpenDate": 1351,
    "accountBalance": 10117
  }
][
  {
    "customerId": 119,
    "customerName": "Adelaide",
    "customerSurname": "Clark",
    "customerNationalId": "2709526632",
    "accountNumber": "1234567892365490000000",
    "accountOpenDate": 1352,
    "accountBalance": 10118
  }
][
  {
    "customerId": 120,
    "customerName": "Rubie",
    "customerSurname": "Gray",
    "customerNationalId": "7444393735",
    "accountNumber": "1234567892365490000000",
    "accountOpenDate": 1353,
    "accountBalance": 10119
  }
][
  {
    "customerId": 121,
    "customerName": "Ted",
    "customerSurname": "Smith",
    "customerNationalId": "2266809659",
    "accountNumber": "1234567892365490000000",
    "accountOpenDate": 1354,
    "accountBalance": 10120
  }
][
  {
    "customerId": 122,
    "customerName": "Valeria",
    "customerSurname": "Wilson",
    "customerNationalId": "5907691145",
    "accountNumber": "1234567892365490000000",
    "accountOpenDate": 1355,
    "accountBalance": 10121
  }
][
  {
    "customerId": 123,
    "customerName": "Alan",
    "customerSurname": "Grant",
    "customerNationalId": "1417101988",
    "accountNumber": "1234567892365490000000",
    "accountOpenDate": 1356,
    "accountBalance": 10122
  }
][
  {
    "customerId": 124,
    "customerName": "Catherine",
    "customerSurname": "Riley",
    "customerNationalId": "8371480802",
    "accountNumber": "1234567892365490000000",
    "accountOpenDate": 1357,
    "accountBalance": 10123
  }
][
  {
    "customerId": 125,
    "customerName": "Derek",
    "customerSurname": "Murray",
    "customerNationalId": "8431720244",
    "accountNumber": "1234567892365490000000",
    "accountOpenDate": 1358,
    "accountBalance": 10124
  }
][
  {
    "customerId": 126,
    "customerName": "Amelia",
    "customerSurname": "Nelson",
    "customerNationalId": "8052781860",
    "accountNumber": "1234567892365490000000",
    "accountOpenDate": 1359,
    "accountBalance": 10125
  }
][
  {
    "customerId": 127,
    "customerName": "Brad",
    "customerSurname": "Harrison",
    "customerNationalId": "7485550229",
    "accountNumber": "1234567892365490000000",
    "accountOpenDate": 1360,
    "accountBalance": 10126
  }
][
  {
    "customerId": 128,
    "customerName": "Byron",
    "customerSurname": "Mitchell",
    "customerNationalId": "4639471976",
    "accountNumber": "1234567892365490000000",
    "accountOpenDate": 1361,
    "accountBalance": 10127
  }
][
  {
    "customerId": 129,
    "customerName": "Aida",
    "customerSurname": "Parker",
    "customerNationalId": "3134628308",
    "accountNumber": "1234567892365490000000",
    "accountOpenDate": 1362,
    "accountBalance": 10128
  }
][
  {
    "customerId": 130,
    "customerName": "Mary",
    "customerSurname": "Nelson",
    "customerNationalId": "6855479422",
    "accountNumber": "1234567892365490000000",
    "accountOpenDate": 1363,
    "accountBalance": 10129
  }
][
  {
    "customerId": 131,
    "customerName": "Violet",
    "customerSurname": "Martin",
    "customerNationalId": "8660182599",
    "accountNumber": "1234567892365490000000",
    "accountOpenDate": 1364,
    "accountBalance": 10130
  }
][
  {
    "customerId": 132,
    "customerName": "Amber",
    "customerSurname": "Jones",
    "customerNationalId": "8552968041",
    "accountNumber": "1234567892365490000000",
    "accountOpenDate": 1365,
    "accountBalance": 10131
  }
][
  {
    "customerId": 133,
    "customerName": "Ryan",
    "customerSurname": "Robinson",
    "customerNationalId": "9935940113",
    "accountNumber": "1234567892365490000000",
    "accountOpenDate": 1366,
    "accountBalance": 10132
  }
][
  {
    "customerId": 134,
    "customerName": "George",
    "customerSurname": "Andrews",
    "customerNationalId": "1578006825",
    "accountNumber": "1234567892365490000000",
    "accountOpenDate": 1367,
    "accountBalance": 10133
  }
][
  {
    "customerId": 135,
    "customerName": "Thomas",
    "customerSurname": "Hill",
    "customerNationalId": "4438030721",
    "accountNumber": "1234567892365490000000",
    "accountOpenDate": 1368,
    "accountBalance": 10134
  }
][
  {
    "customerId": 136,
    "customerName": "Alen",
    "customerSurname": "Owens",
    "customerNationalId": "2083993823",
    "accountNumber": "1234567892365490000000",
    "accountOpenDate": 1369,
    "accountBalance": 10135
  }
][
  {
    "customerId": 137,
    "customerName": "Derek",
    "customerSurname": "Mitchell",
    "customerNationalId": "9115447307",
    "accountNumber": "1234567892365490000000",
    "accountOpenDate": 1370,
    "accountBalance": 10136
  }
][
  {
    "customerId": 138,
    "customerName": "Vanessa",
    "customerSurname": "Barrett",
    "customerNationalId": "7994329608",
    "accountNumber": "1234567892365490000000",
    "accountOpenDate": 1371,
    "accountBalance": 10137
  }
][
  {
    "customerId": 140,
    "customerName": "Vivian",
    "customerSurname": "Bailey",
    "customerNationalId": "4387189121",
    "accountNumber": "1234567892365490000000",
    "accountOpenDate": 1350,
    "accountBalance": 10139
  }
][
  {
    "customerId": 141,
    "customerName": "Camila",
    "customerSurname": "Crawford",
    "customerNationalId": "4651710454",
    "accountNumber": "1234567892365490000000",
    "accountOpenDate": 1351,
    "accountBalance": 10140
  }
][
  {
    "customerId": 142,
    "customerName": "Kimberly",
    "customerSurname": "Payne",
    "customerNationalId": "8085388681",
    "accountNumber": "1234567892365490000000",
    "accountOpenDate": 1352,
    "accountBalance": 10141
  }
][
  {
    "customerId": 143,
    "customerName": "Fiona",
    "customerSurname": "Robinson",
    "customerNationalId": "0084426966",
    "accountNumber": "1234567892365490000000",
    "accountOpenDate": 1353,
    "accountBalance": 10142
  }
][
  {
    "customerId": 144,
    "customerName": "Camila",
    "customerSurname": "Ross",
    "customerNationalId": "3193537027",
    "accountNumber": "1234567892365490000000",
    "accountOpenDate": 1354,
    "accountBalance": 10143
  }
][
  {
    "customerId": 145,
    "customerName": "Lucia",
    "customerSurname": "Bennett",
    "customerNationalId": "3766529610",
    "accountNumber": "1234567892365490000000",
    "accountOpenDate": 1355,
    "accountBalance": 10144
  }
][
  {
    "customerId": 146,
    "customerName": "John",
    "customerSurname": "Tucker",
    "customerNationalId": "8080565494",
    "accountNumber": "1234567892365490000000",
    "accountOpenDate": 1356,
    "accountBalance": 10145
  }
][
  {
    "customerId": 147,
    "customerName": "Stuart",
    "customerSurname": "Alexander",
    "customerNationalId": "1508967575",
    "accountNumber": "1234567892365490000000",
    "accountOpenDate": 1357,
    "accountBalance": 10146
  }
][
  {
    "customerId": 148,
    "customerName": "Hailey",
    "customerSurname": "Wright",
    "customerNationalId": "8216937096",
    "accountNumber": "1234567892365490000000",
    "accountOpenDate": 1358,
    "accountBalance": 10147
  }
][
  {
    "customerId": 149,
    "customerName": "Sabrina",
    "customerSurname": "Ross",
    "customerNationalId": "1386805440",
    "accountNumber": "1234567892365490000000",
    "accountOpenDate": 1359,
    "accountBalance": 10148
  }
][
  {
    "customerId": 150,
    "customerName": "Lana",
    "customerSurname": "Anderson",
    "customerNationalId": "8526045355",
    "accountNumber": "1234567892365490000000",
    "accountOpenDate": 1360,
    "accountBalance": 10149
  }
][
  {
    "customerId": 151,
    "customerName": "Lana",
    "customerSurname": "Holmes",
    "customerNationalId": "2900901753",
    "accountNumber": "1234567892365490000000",
    "accountOpenDate": 1361,
    "accountBalance": 10150
  }
][
  {
    "customerId": 152,
    "customerName": "Alissa",
    "customerSurname": "Kelly",
    "customerNationalId": "3986948533",
    "accountNumber": "1234567892365490000000",
    "accountOpenDate": 1362,
    "accountBalance": 10151
  }
][
  {
    "customerId": 153,
    "customerName": "Fenton",
    "customerSurname": "Cole",
    "customerNationalId": "6175799480",
    "accountNumber": "1234567892365490000000",
    "accountOpenDate": 1363,
    "accountBalance": 10152
  }
][
  {
    "customerId": 154,
    "customerName": "Kate",
    "customerSurname": "Morrison",
    "customerNationalId": "2577618229",
    "accountNumber": "1234567892365490000000",
    "accountOpenDate": 1364,
    "accountBalance": 10153
  }
][
  {
    "customerId": 155,
    "customerName": "Dale",
    "customerSurname": "Lloyd",
    "customerNationalId": "8925266596",
    "accountNumber": "1234567892365490000000",
    "accountOpenDate": 1365,
    "accountBalance": 10154
  }
][
  {
    "customerId": 156,
    "customerName": "Max",
    "customerSurname": "Brooks",
    "customerNationalId": "9398414807",
    "accountNumber": "1234567892365490000000",
    "accountOpenDate": 1366,
    "accountBalance": 10155
  }
][
  {
    "customerId": 157,
    "customerName": "Bruce",
    "customerSurname": "Sullivan",
    "customerNationalId": "4518252891",
    "accountNumber": "1234567892365490000000",
    "accountOpenDate": 1367,
    "accountBalance": 10156
  }
][
  {
    "customerId": 158,
    "customerName": "Honey",
    "customerSurname": "Morris",
    "customerNationalId": "7028915433",
    "accountNumber": "1234567892365490000000",
    "accountOpenDate": 1368,
    "accountBalance": 10157
  }
][
  {
    "customerId": 159,
    "customerName": "Elian",
    "customerSurname": "Brown",
    "customerNationalId": "9449110422",
    "accountNumber": "1234567892365490000000",
    "accountOpenDate": 1369,
    "accountBalance": 10158
  }
][
  {
    "customerId": 160,
    "customerName": "Annabella",
    "customerSurname": "Howard",
    "customerNationalId": "8516243674",
    "accountNumber": "1234567892365490000000",
    "accountOpenDate": 1370,
    "accountBalance": 10159
  }
][
  {
    "customerId": 161,
    "customerName": "Carina",
    "customerSurname": "Ryan",
    "customerNationalId": "8610724030",
    "accountNumber": "1234567892365490000000",
    "accountOpenDate": 1371,
    "accountBalance": 10160
  }
][
  {
    "customerId": 163,
    "customerName": "Lucy",
    "customerSurname": "Henderson",
    "customerNationalId": "6985313124",
    "accountNumber": "1234567892365490000000",
    "accountOpenDate": 1350,
    "accountBalance": 10162
  }
][
  {
    "customerId": 164,
    "customerName": "Evelyn",
    "customerSurname": "Mitchell",
    "customerNationalId": "7121253712",
    "accountNumber": "1234567892365490000000",
    "accountOpenDate": 1351,
    "accountBalance": 10163
  }
][
  {
    "customerId": 165,
    "customerName": "Sofia",
    "customerSurname": "Hall",
    "customerNationalId": "3562095123",
    "accountNumber": "1234567892365490000000",
    "accountOpenDate": 1352,
    "accountBalance": 10164
  }
][
  {
    "customerId": 166,
    "customerName": "Ada",
    "customerSurname": "Phillips",
    "customerNationalId": "7969940470",
    "accountNumber": "1234567892365490000000",
    "accountOpenDate": 1353,
    "accountBalance": 10165
  }
][
  {
    "customerId": 167,
    "customerName": "Annabella",
    "customerSurname": "Warren",
    "customerNationalId": "2056982135",
    "accountNumber": "1234567892365490000000",
    "accountOpenDate": 1354,
    "accountBalance": 10166
  }
][
  {
    "customerId": 168,
    "customerName": "Joyce",
    "customerSurname": "Thompson",
    "customerNationalId": "9159586065",
    "accountNumber": "1234567892365490000000",
    "accountOpenDate": 1355,
    "accountBalance": 10167
  }
][
  {
    "customerId": 169,
    "customerName": "Ted",
    "customerSurname": "Elliott",
    "customerNationalId": "4756340243",
    "accountNumber": "1234567892365490000000",
    "accountOpenDate": 1356,
    "accountBalance": 10168
  }
][
  {
    "customerId": 170,
    "customerName": "Mike",
    "customerSurname": "Roberts",
    "customerNationalId": "2659199900",
    "accountNumber": "1234567892365490000000",
    "accountOpenDate": 1357,
    "accountBalance": 10169
  }
][
  {
    "customerId": 171,
    "customerName": "Kevin",
    "customerSurname": "Baker",
    "customerNationalId": "0898133364",
    "accountNumber": "1234567892365490000000",
    "accountOpenDate": 1358,
    "accountBalance": 10170
  }
][
  {
    "customerId": 172,
    "customerName": "Darcy",
    "customerSurname": "Carroll",
    "customerNationalId": "4478704505",
    "accountNumber": "1234567892365490000000",
    "accountOpenDate": 1359,
    "accountBalance": 10171
  }
][
  {
    "customerId": 173,
    "customerName": "Ryan",
    "customerSurname": "Ferguson",
    "customerNationalId": "9601061845",
    "accountNumber": "1234567892365490000000",
    "accountOpenDate": 1360,
    "accountBalance": 10172
  }
][
  {
    "customerId": 174,
    "customerName": "Robert",
    "customerSurname": "Taylor",
    "customerNationalId": "7615844768",
    "accountNumber": "1234567892365490000000",
    "accountOpenDate": 1361,
    "accountBalance": 10173
  }
][
  {
    "customerId": 175,
    "customerName": "Naomi",
    "customerSurname": "Cameron",
    "customerNationalId": "3641979390",
    "accountNumber": "1234567892365490000000",
    "accountOpenDate": 1362,
    "accountBalance": 10174
  }
][
  {
    "customerId": 176,
    "customerName": "Kristian",
    "customerSurname": "Adams",
    "customerNationalId": "9948758374",
    "accountNumber": "1234567892365490000000",
    "accountOpenDate": 1363,
    "accountBalance": 10175
  }
][
  {
    "customerId": 177,
    "customerName": "Melanie",
    "customerSurname": "Lloyd",
    "customerNationalId": "3397378786",
    "accountNumber": "1234567892365490000000",
    "accountOpenDate": 1364,
    "accountBalance": 10176
  }
][
  {
    "customerId": 178,
    "customerName": "Walter",
    "customerSurname": "Jones",
    "customerNationalId": "8200247848",
    "accountNumber": "1234567892365490000000",
    "accountOpenDate": 1365,
    "accountBalance": 10177
  }
][
  {
    "customerId": 179,
    "customerName": "Vivian",
    "customerSurname": "Mitchell",
    "customerNationalId": "2497375749",
    "accountNumber": "1234567892365490000000",
    "accountOpenDate": 1366,
    "accountBalance": 10178
  }
][
  {
    "customerId": 180,
    "customerName": "Andrew",
    "customerSurname": "Ferguson",
    "customerNationalId": "8578643189",
    "accountNumber": "1234567892365490000000",
    "accountOpenDate": 1367,
    "accountBalance": 10179
  }
][
  {
    "customerId": 181,
    "customerName": "Lucas",
    "customerSurname": "Farrell",
    "customerNationalId": "6932534610",
    "accountNumber": "1234567892365490000000",
    "accountOpenDate": 1368,
    "accountBalance": 10180
  }
][
  {
    "customerId": 182,
    "customerName": "Richard",
    "customerSurname": "Wright",
    "customerNationalId": "8800817412",
    "accountNumber": "1234567892365490000000",
    "accountOpenDate": 1369,
    "accountBalance": 10181
  }
][
  {
    "customerId": 183,
    "customerName": "Sienna",
    "customerSurname": "Martin",
    "customerNationalId": "9396432481",
    "accountNumber": "1234567892365490000000",
    "accountOpenDate": 1370,
    "accountBalance": 10182
  }
][
  {
    "customerId": 184,
    "customerName": "Julian",
    "customerSurname": "Sullivan",
    "customerNationalId": "7999849630",
    "accountNumber": "1234567892365490000000",
    "accountOpenDate": 1371,
    "accountBalance": 10183
  }
][
  {
    "customerId": 186,
    "customerName": "Olivia",
    "customerSurname": "Cooper",
    "customerNationalId": "1689660052",
    "accountNumber": "1234567892365490000000",
    "accountOpenDate": 1350,
    "accountBalance": 10185
  }
][
  {
    "customerId": 187,
    "customerName": "Jordan",
    "customerSurname": "Clark",
    "customerNationalId": "5848278716",
    "accountNumber": "1234567892365490000000",
    "accountOpenDate": 1351,
    "accountBalance": 10186
  }
][
  {
    "customerId": 188,
    "customerName": "Arnold",
    "customerSurname": "Carroll",
    "customerNationalId": "4783957064",
    "accountNumber": "1234567892365490000000",
    "accountOpenDate": 1352,
    "accountBalance": 10187
  }
][
  {
    "customerId": 189,
    "customerName": "Cadie",
    "customerSurname": "Myers",
    "customerNationalId": "7888056347",
    "accountNumber": "1234567892365490000000",
    "accountOpenDate": 1353,
    "accountBalance": 10188
  }
][
  {
    "customerId": 190,
    "customerName": "Violet",
    "customerSurname": "Farrell",
    "customerNationalId": "3255529092",
    "accountNumber": "1234567892365490000000",
    "accountOpenDate": 1354,
    "accountBalance": 10189
  }
][
  {
    "customerId": 191,
    "customerName": "Luke",
    "customerSurname": "Martin",
    "customerNationalId": "6992775513",
    "accountNumber": "1234567892365490000000",
    "accountOpenDate": 1355,
    "accountBalance": 10190
  }
][
  {
    "customerId": 192,
    "customerName": "Miley",
    "customerSurname": "Owens",
    "customerNationalId": "6093239891",
    "accountNumber": "1234567892365490000000",
    "accountOpenDate": 1356,
    "accountBalance": 10191
  }
][
  {
    "customerId": 193,
    "customerName": "Florrie",
    "customerSurname": "Clark",
    "customerNationalId": "0639757788",
    "accountNumber": "1234567892365490000000",
    "accountOpenDate": 1357,
    "accountBalance": 10192
  }
][
  {
    "customerId": 194,
    "customerName": "Alfred",
    "customerSurname": "Richardson",
    "customerNationalId": "5427204886",
    "accountNumber": "1234567892365490000000",
    "accountOpenDate": 1358,
    "accountBalance": 10193
  }
][
  {
    "customerId": 195,
    "customerName": "Sydney",
    "customerSurname": "Fowler",
    "customerNationalId": "1377992410",
    "accountNumber": "1234567892365490000000",
    "accountOpenDate": 1359,
    "accountBalance": 10194
  }
][
  {
    "customerId": 196,
    "customerName": "Connie",
    "customerSurname": "Scott",
    "customerNationalId": "1483827538",
    "accountNumber": "1234567892365490000000",
    "accountOpenDate": 1360,
    "accountBalance": 10195
  }
][
  {
    "customerId": 197,
    "customerName": "Florrie",
    "customerSurname": "Grant",
    "customerNationalId": "7854004892",
    "accountNumber": "1234567892365490000000",
    "accountOpenDate": 1361,
    "accountBalance": 10196
  }
][
  {
    "customerId": 198,
    "customerName": "Alan",
    "customerSurname": "Bennett",
    "customerNationalId": "2317922449",
    "accountNumber": "1234567892365490000000",
    "accountOpenDate": 1362,
    "accountBalance": 10197
  }
][
  {
    "customerId": 199,
    "customerName": "Richard",
    "customerSurname": "Foster",
    "customerNationalId": "5582929673",
    "accountNumber": "1234567892365490000000",
    "accountOpenDate": 1363,
    "accountBalance": 10198
  }
][
  {
    "customerId": 200,
    "customerName": "Alina",
    "customerSurname": "Clark",
    "customerNationalId": "8861102625",
    "accountNumber": "1234567892365490000000",
    "accountOpenDate": 1364,
    "accountBalance": 10199
  }
]